{"root":[{"assemblyName":"Cinemachine","nameSpace":"Cinemachine","className":"CinemachineStoryboard","methodName":"InitializeModule","loadTypes":0,"isUnityClass":false},{"assemblyName":"Cinemachine","nameSpace":"Cinemachine","className":"CinemachineCore","methodName":"InitializeModule","loadTypes":0,"isUnityClass":false},{"assemblyName":"Cinemachine","nameSpace":"Cinemachine","className":"UpdateTracker","methodName":"InitializeModule","loadTypes":0,"isUnityClass":false},{"assemblyName":"Cinemachine","nameSpace":"Cinemachine","className":"CinemachineImpulseManager","methodName":"InitializeModule","loadTypes":0,"isUnityClass":false},{"assemblyName":"Cinemachine","nameSpace":"Cinemachine.PostFX","className":"CinemachineVolumeSettings","methodName":"InitializeModule","loadTypes":0,"isUnityClass":false},{"assemblyName":"Meta.Net.endel.nativewebsocket","nameSpace":"Meta.Net.NativeWebSocket","className":"MainThreadUtil","methodName":"Setup","loadTypes":1,"isUnityClass":false},{"assemblyName":"Meta.WitAi","nameSpace":"Meta.WitAi.Data","className":"AudioBuffer","methodName":"SingletonInit","loadTypes":4,"isUnityClass":false},{"assemblyName":"Meta.WitAi.Lib","nameSpace":"Meta.WitAi","className":"ThreadUtility","methodName":"Init","loadTypes":0,"isUnityClass":false},{"assemblyName":"Meta.WitAi.Lib","nameSpace":"Meta.WitAi","className":"WitRequestSettings","methodName":"Init","loadTypes":0,"isUnityClass":false},{"assemblyName":"Meta.XR.Audio","nameSpace":"","className":"MetaXRAcousticSettings","methodName":"OnBeforeSceneLoadRuntimeMethod","loadTypes":1,"isUnityClass":false},{"assemblyName":"Meta.XR.Audio","nameSpace":"","className":"MetaXRAudioRoomAcousticProperties","methodName":"CheckSceneHasRoom","loadTypes":0,"isUnityClass":false},{"assemblyName":"Meta.XR.Audio","nameSpace":"","className":"MetaXRAudioSource","methodName":"OnBeforeSceneLoadRuntimeMethod","loadTypes":1,"isUnityClass":false},{"assemblyName":"Meta.XR.BuildingBlocks","nameSpace":"","className":"__JobReflectionRegistrationOutput__2782992911","methodName":"EarlyInit","loadTypes":2,"isUnityClass":false},{"assemblyName":"Meta.XR.ImmersiveDebugger","nameSpace":"Meta.XR.ImmersiveDebugger","className":"DebugInspectorManager","methodName":"Init","loadTypes":4,"isUnityClass":false},{"assemblyName":"Meta.XR.ImmersiveDebugger","nameSpace":"Meta.XR.ImmersiveDebugger","className":"RuntimeSettings","methodName":"Init","loadTypes":4,"isUnityClass":false},{"assemblyName":"Meta.XR.ImmersiveDebugger","nameSpace":"Meta.XR.ImmersiveDebugger","className":"SceneSetup","methodName":"OnLoad","loadTypes":0,"isUnityClass":false},{"assemblyName":"Meta.XR.ImmersiveDebugger","nameSpace":"Meta.XR.ImmersiveDebugger.Utils","className":"AssemblyParser","methodName":"Init","loadTypes":4,"isUnityClass":false},{"assemblyName":"Meta.XR.ImmersiveDebugger","nameSpace":"Meta.XR.ImmersiveDebugger.Utils","className":"AssemblyParser","methodName":"OnLoad","loadTypes":0,"isUnityClass":false},{"assemblyName":"Meta.XR.ImmersiveDebugger","nameSpace":"Meta.XR.ImmersiveDebugger.Utils","className":"ConsoleLogsCache","methodName":"OnLoad","loadTypes":2,"isUnityClass":false},{"assemblyName":"Meta.XR.ImmersiveDebugger","nameSpace":"Meta.XR.ImmersiveDebugger.UserInterface.Generic","className":"Button","methodName":"Init","loadTypes":4,"isUnityClass":false},{"assemblyName":"Meta.XR.ImmersiveDebugger","nameSpace":"Meta.XR.ImmersiveDebugger.UserInterface.Generic","className":"Panel","methodName":"Init","loadTypes":4,"isUnityClass":false},{"assemblyName":"Meta.XR.ImmersiveDebugger","nameSpace":"Meta.XR.ImmersiveDebugger.UserInterface.Generic","className":"OverlayCanvas","methodName":"Init","loadTypes":4,"isUnityClass":false},{"assemblyName":"Meta.XR.ImmersiveDebugger","nameSpace":"Meta.XR.ImmersiveDebugger.Manager","className":"DebugManager","methodName":"Init","loadTypes":4,"isUnityClass":false},{"assemblyName":"Meta.XR.ImmersiveDebugger","nameSpace":"Meta.XR.ImmersiveDebugger.Gizmo","className":"DebugGizmos","methodName":"Init","loadTypes":4,"isUnityClass":false},{"assemblyName":"Meta.XR.ImmersiveDebugger","nameSpace":"Meta.XR.ImmersiveDebugger.Gizmo","className":"GizmoTypesRegistry","methodName":"Init","loadTypes":4,"isUnityClass":false},{"assemblyName":"Oculus.VR","nameSpace":"","className":"OVRAnchor","methodName":"Init","loadTypes":0,"isUnityClass":false},{"assemblyName":"Oculus.VR","nameSpace":"","className":"OVRSpatialAnchor","methodName":"InitializeOnLoad","loadTypes":4,"isUnityClass":false},{"assemblyName":"Oculus.VR","nameSpace":"","className":"__JobReflectionRegistrationOutput__2842245191","methodName":"EarlyInit","loadTypes":2,"isUnityClass":false},{"assemblyName":"Unity.Collections","nameSpace":"","className":"__JobReflectionRegistrationOutput__416645977","methodName":"EarlyInit","loadTypes":2,"isUnityClass":true},{"assemblyName":"Unity.Collections","nameSpace":"","className":"$BurstDirectCallInitializer","methodName":"Initialize","loadTypes":2,"isUnityClass":true},{"assemblyName":"Unity.InputSystem","nameSpace":"UnityEngine.InputSystem","className":"InputSystem","methodName":"RunInitializeInPlayer","loadTypes":4,"isUnityClass":true},{"assemblyName":"Unity.InputSystem","nameSpace":"UnityEngine.InputSystem","className":"InputSystem","methodName":"RunInitialUpdate","loadTypes":1,"isUnityClass":true},{"assemblyName":"Unity.InputSystem.ForUI","nameSpace":"UnityEngine.InputSystem.Plugins.InputForUI","className":"InputSystemProvider","methodName":"Bootstrap","loadTypes":4,"isUnityClass":true},{"assemblyName":"Unity.Rendering.LightTransport.Runtime","nameSpace":"","className":"__JobReflectionRegistrationOutput__27545876","methodName":"EarlyInit","loadTypes":2,"isUnityClass":true},{"assemblyName":"Unity.RenderPipelines.Core.Runtime","nameSpace":"UnityEngine.Experimental.Rendering","className":"XRSystem","methodName":"XRSystemInit","loadTypes":3,"isUnityClass":true},{"assemblyName":"Unity.RenderPipelines.Core.Runtime","nameSpace":"UnityEngine.Rendering","className":"DebugUpdater","methodName":"RuntimeInit","loadTypes":0,"isUnityClass":true},{"assemblyName":"Unity.RenderPipelines.Universal.Runtime","nameSpace":"","className":"__JobReflectionRegistrationOutput__3540968393","methodName":"EarlyInit","loadTypes":2,"isUnityClass":true},{"assemblyName":"Unity.Services.Authentication","nameSpace":"Unity.Services.Authentication","className":"AuthenticationPackageInitializer","methodName":"InitializeOnLoad","loadTypes":1,"isUnityClass":true},{"assemblyName":"Unity.Services.Authentication.PlayerAccounts","nameSpace":"Unity.Services.Authentication.PlayerAccounts","className":"PlayerAccountsPackageInitializer","methodName":"InitializeOnLoad","loadTypes":1,"isUnityClass":true},{"assemblyName":"Unity.Services.CloudSave","nameSpace":"Unity.Services.CloudSave","className":"CloudSaveInitializer","methodName":"InitializeOnLoad","loadTypes":1,"isUnityClass":true},{"assemblyName":"Unity.Services.CloudSave","nameSpace":"Unity.Services.CloudSave.Internal.Scheduler","className":"EngineStateHelper","methodName":"Init","loadTypes":1,"isUnityClass":true},{"assemblyName":"Unity.Services.CloudSave","nameSpace":"Unity.Services.CloudSave.Internal.Scheduler","className":"ThreadHelper","methodName":"Init","loadTypes":1,"isUnityClass":true},{"assemblyName":"Unity.Services.CloudSave","nameSpace":"Unity.Services.CloudSave.Internal.Http","className":"JsonHelpers","methodName":"RegisterTypesForAOT","loadTypes":3,"isUnityClass":true},{"assemblyName":"Unity.Services.Core","nameSpace":"Unity.Services.Core","className":"UnityThreadUtils","methodName":"CaptureUnityThreadInfo","loadTypes":4,"isUnityClass":true},{"assemblyName":"Unity.Services.Core.Internal","nameSpace":"Unity.Services.Core.Internal","className":"TaskAsyncOperation","methodName":"SetScheduler","loadTypes":1,"isUnityClass":true},{"assemblyName":"Unity.Services.Core.Internal","nameSpace":"Unity.Services.Core.Internal","className":"UnityServicesInitializer","methodName":"CreateStaticInstance","loadTypes":2,"isUnityClass":true},{"assemblyName":"Unity.Services.Core.Internal","nameSpace":"Unity.Services.Core.Internal","className":"UnityServicesInitializer","methodName":"EnableServicesInitializationAsync","loadTypes":0,"isUnityClass":true},{"assemblyName":"Unity.Services.Core.Registration","nameSpace":"Unity.Services.Core.Registration","className":"CorePackageInitializer","methodName":"InitializeOnLoad","loadTypes":1,"isUnityClass":true},{"assemblyName":"Unity.VisualScripting.Core","nameSpace":"Unity.VisualScripting","className":"RuntimeVSUsageUtility","methodName":"RuntimeInitializeOnLoadBeforeSceneLoad","loadTypes":1,"isUnityClass":true},{"assemblyName":"Unity.XR.ARFoundation","nameSpace":"","className":"__JobReflectionRegistrationOutput__1338424225","methodName":"EarlyInit","loadTypes":2,"isUnityClass":true},{"assemblyName":"Unity.XR.Interaction.Toolkit","nameSpace":"UnityEngine.XR.Interaction.Toolkit.Inputs.Simulation","className":"SimulatedInputLayoutLoader","methodName":"Initialize","loadTypes":1,"isUnityClass":true},{"assemblyName":"Unity.XR.Interaction.Toolkit","nameSpace":"UnityEngine.XR.Interaction.Toolkit.Inputs.Simulation","className":"XRDeviceSimulatorLoader","methodName":"Initialize","loadTypes":0,"isUnityClass":true},{"assemblyName":"Unity.XR.Interaction.Toolkit","nameSpace":"UnityEngine.XR.Interaction.Toolkit.Inputs.Interactions","className":"SectorInteraction","methodName":"Initialize","loadTypes":1,"isUnityClass":true},{"assemblyName":"Unity.XR.Interaction.Toolkit","nameSpace":"UnityEngine.XR.Interaction.Toolkit.Inputs.Composites","className":"Vector3FallbackComposite","methodName":"Initialize","loadTypes":1,"isUnityClass":true},{"assemblyName":"Unity.XR.Interaction.Toolkit","nameSpace":"UnityEngine.XR.Interaction.Toolkit.Inputs.Composites","className":"QuaternionFallbackComposite","methodName":"Initialize","loadTypes":1,"isUnityClass":true},{"assemblyName":"Unity.XR.Interaction.Toolkit","nameSpace":"UnityEngine.XR.Interaction.Toolkit.Inputs.Composites","className":"IntegerFallbackComposite","methodName":"Initialize","loadTypes":1,"isUnityClass":true},{"assemblyName":"Unity.XR.Interaction.Toolkit","nameSpace":"UnityEngine.XR.Interaction.Toolkit.Inputs.Composites","className":"ButtonFallbackComposite","methodName":"Initialize","loadTypes":1,"isUnityClass":true},{"assemblyName":"Unity.XR.Interaction.Toolkit","nameSpace":"UnityEngine.XR.Interaction.Toolkit.AR.Inputs","className":"TouchscreenGestureInputLayoutLoader","methodName":"Initialize","loadTypes":1,"isUnityClass":true},{"assemblyName":"Unity.XR.Interaction.Toolkit","nameSpace":"","className":"__JobReflectionRegistrationOutput__1535772547","methodName":"EarlyInit","loadTypes":2,"isUnityClass":true},{"assemblyName":"Unity.XR.Interaction.Toolkit","nameSpace":"","className":"$BurstDirectCallInitializer","methodName":"Initialize","loadTypes":2,"isUnityClass":true},{"assemblyName":"Unity.XR.Management","nameSpace":"UnityEngine.XR.Management","className":"XRGeneralSettings","methodName":"AttemptInitializeXRSDKOnLoad","loadTypes":2,"isUnityClass":true},{"assemblyName":"Unity.XR.Management","nameSpace":"UnityEngine.XR.Management","className":"XRGeneralSettings","methodName":"AttemptStartXRSDKOnBeforeSplashScreen","loadTypes":3,"isUnityClass":true},{"assemblyName":"Unity.XR.Oculus","nameSpace":"Unity.XR.Oculus","className":"OculusLoader","methodName":"RuntimeLoadOVRPlugin","loadTypes":2,"isUnityClass":true},{"assemblyName":"Unity.XR.Simulation","nameSpace":"UnityEngine.XR.Simulation","className":"InputLayoutLoader","methodName":"RegisterLayouts","loadTypes":4,"isUnityClass":true},{"assemblyName":"Unity.XR.Simulation","nameSpace":"UnityEngine.XR.Simulation","className":"SimulationAnchorSubsystem","methodName":"RegisterDescriptor","loadTypes":4,"isUnityClass":true},{"assemblyName":"Unity.XR.Simulation","nameSpace":"UnityEngine.XR.Simulation","className":"SimulationEnvironmentProbeSubsystem","methodName":"RegisterDescriptor","loadTypes":4,"isUnityClass":true},{"assemblyName":"Unity.XR.Simulation","nameSpace":"UnityEngine.XR.Simulation","className":"SimulationImageTrackingSubsystem","methodName":"RegisterDescriptor","loadTypes":4,"isUnityClass":true},{"assemblyName":"Unity.XR.Simulation","nameSpace":"UnityEngine.XR.Simulation","className":"SimulationPlaneSubsystem","methodName":"RegisterDescriptor","loadTypes":4,"isUnityClass":true},{"assemblyName":"Unity.XR.Simulation","nameSpace":"UnityEngine.XR.Simulation","className":"SimulationPointCloudSubsystem","methodName":"RegisterDescriptor","loadTypes":4,"isUnityClass":true},{"assemblyName":"Unity.XR.Simulation","nameSpace":"UnityEngine.XR.Simulation","className":"SimulationRaycastSubsystem","methodName":"RegisterDescriptor","loadTypes":4,"isUnityClass":true},{"assemblyName":"Unity.XR.Simulation","nameSpace":"UnityEngine.XR.Simulation","className":"SimulationCameraSubsystem","methodName":"Register","loadTypes":4,"isUnityClass":true},{"assemblyName":"Unity.XR.Simulation","nameSpace":"UnityEngine.XR.Simulation","className":"SimulationSessionSubsystem","methodName":"RegisterDescriptor","loadTypes":4,"isUnityClass":true},{"assemblyName":"Unity.XR.Simulation","nameSpace":"","className":"__JobReflectionRegistrationOutput__3155242277","methodName":"EarlyInit","loadTypes":2,"isUnityClass":true},{"assemblyName":"VoiceSDK.Runtime","nameSpace":"Oculus.Voice","className":"VoiceSDKConstants","methodName":"Init","loadTypes":0,"isUnityClass":false},{"assemblyName":"VoiceSDK.Runtime","nameSpace":"Oculus.Voice.Logging","className":"TTSServiceLogging","methodName":"Init","loadTypes":0,"isUnityClass":false}]}
