{
  "project_info": {
    "project_number": "699653643101",
    "firebase_url": "https://arvr-b4f68-default-rtdb.firebaseio.com",
    "project_id": "arvr-b4f68",
    "storage_bucket": "arvr-b4f68.firebasestorage.app"
  },
  "client": [
    {
      "client_info": {
        "mobilesdk_app_id": "1:699653643101:android:17e63f93e4c1588c8ba6b4",
        "android_client_info": {
          "package_name": "com.arvr.xrcise"
        }
      },
      "oauth_client": [],
      "api_key": [
        {
          "current_key": "AIzaSyAKlf8BTsO-rfcIeYVHwjpckptIE75s6o8"
        }
      ],
      "services": {
        "appinvite_service": {
          "other_platform_oauth_client": []
        }
      }
    }
  ],
  "configuration_version": "1"
}